{
  "eslint.config.js": 1775823474.1228912,
  "vite.config.ts": 1776412598.486156,
  "vitest.config.ts": 1776412598.486156,
  "src\\App.tsx": 1776404790.8019042,
  "src\\main.tsx": 1775837958.4405086,
  "src\\vite-env.d.ts": 1775999826.0789902,
  "src\\components\\ActiveLogger.tsx": 1776420589.8645194,
  "src\\components\\BottomNav.tsx": 1775999826.066921,
  "src\\components\\CalibrateBaselinesCard.tsx": 1776327018.73245,
  "src\\components\\CoreIgnition.tsx": 1776327018.739092,
  "src\\components\\DataOwnershipCard.tsx": 1775999826.0679333,
  "src\\components\\DraftBlueprintReview.tsx": 1776000479.0041337,
  "src\\components\\ExerciseCard.tsx": 1776327018.7448957,
  "src\\components\\FeaturePulse.tsx": 1775999826.0679333,
  "src\\components\\FunctionalWhy.tsx": 1776327018.7500136,
  "src\\components\\IdentitySplash.tsx": 1776327018.7554407,
  "src\\components\\RecoveryAuditorCard.tsx": 1776327014.0366843,
  "src\\components\\RecoveryLogForm.tsx": 1776327014.0376914,
  "src\\components\\SemanticSwapDrawer.tsx": 1776419438.5586543,
  "src\\components\\SessionBlueprint.tsx": 1776327018.7619693,
  "src\\components\\ThinkingTerminal.tsx": 1776327018.767968,
  "src\\components\\WorkoutIgnition.tsx": 1776000479.0061536,
  "src\\components\\hero\\CombatCanvas.tsx": 1776418096.7290711,
  "src\\components\\hero\\HeroOverlay.tsx": 1776418460.211504,
  "src\\components\\hero\\ImpactStars.tsx": 1776417360.8127828,
  "src\\components\\hero\\ModeToggleButton.tsx": 1776404790.8151538,
  "src\\context\\UIModeContext.tsx": 1776404752.6781726,
  "src\\data\\functionalMapping.ts": 1776000479.007154,
  "src\\db\\db.ts": 1775823904.4433448,
  "src\\db\\schema.ts": 1776327014.0461767,
  "src\\db\\seedExercises.ts": 1776000479.007154,
  "src\\dev\\seedSessionHistory.ts": 1776418137.788418,
  "src\\events\\setCommitEvents.ts": 1776416016.8417902,
  "src\\hooks\\useCombatTrigger.ts": 1776416263.5732627,
  "src\\hooks\\useRecoveryAudit.ts": 1776327014.051549,
  "src\\hooks\\useSemanticSwap.ts": 1776327014.0535443,
  "src\\pages\\HistoryPage.tsx": 1775840523.0150876,
  "src\\pages\\HomePage.tsx": 1776327018.7753444,
  "src\\planner\\autoPlanner.ts": 1776327018.781552,
  "src\\services\\activityManager.ts": 1775999826.0716598,
  "src\\services\\aiPlannerService.ts": 1776327018.7893887,
  "src\\services\\exerciseService.ts": 1776000479.0091555,
  "src\\services\\geminiClient.ts": 1776327014.0649617,
  "src\\services\\macrocyclePersistence.ts": 1776054583.0213065,
  "src\\services\\personalBestsService.ts": 1775999826.0737362,
  "src\\services\\progressIndicator.ts": 1775879786.9954617,
  "src\\services\\recoveryAuditorService.ts": 1776327014.071179,
  "src\\services\\semanticSwapService.ts": 1776419427.8894644,
  "src\\test\\ActiveLogger.test.tsx": 1776415296.8366058,
  "src\\test\\activityManager.test.ts": 1775879839.0539365,
  "src\\test\\aiPlannerService.test.ts": 1776327018.8138468,
  "src\\test\\autoPlanner.test.ts": 1776327018.8201146,
  "src\\test\\backup.test.ts": 1775999826.0779908,
  "src\\test\\CombatCanvas.test.ts": 1776417849.075944,
  "src\\test\\db.test.ts": 1776327014.0889776,
  "src\\test\\DraftBlueprintReview.test.tsx": 1776021694.208874,
  "src\\test\\exerciseService.test.ts": 1776000479.0113068,
  "src\\test\\geminiClient.test.ts": 1776327014.0940053,
  "src\\test\\IdentitySplash.test.tsx": 1776052865.2262754,
  "src\\test\\ImpactStars.test.tsx": 1776417365.0729246,
  "src\\test\\importSchema.test.ts": 1775834423.1083028,
  "src\\test\\Integration.test.tsx": 1775837500.7175703,
  "src\\test\\macrocyclePersistence.test.ts": 1776026069.062082,
  "src\\test\\personalBestsService.test.ts": 1775999826.0779908,
  "src\\test\\RecoveryAuditorCard.test.tsx": 1776327014.0818634,
  "src\\test\\recoveryAuditorService.test.ts": 1776327014.0949402,
  "src\\test\\SemanticSwapDrawer.test.tsx": 1776419460.6776102,
  "src\\test\\semanticSwapService.test.ts": 1776419447.4656477,
  "src\\test\\SessionBlueprint.test.tsx": 1776327018.801315,
  "src\\test\\setCommitEvents.test.ts": 1776415057.6330633,
  "src\\test\\setup.ts": 1776416419.413006,
  "src\\test\\tempSessionSchema.test.ts": 1775999826.0789902,
  "src\\test\\ThinkingTerminal.test.tsx": 1776052865.233247,
  "src\\test\\UI.test.tsx": 1776327018.807565,
  "src\\test\\UIModeContext.test.tsx": 1776404752.6781726,
  "src\\test\\useCombatTrigger.test.tsx": 1776416931.3346229,
  "src\\test\\useRecoveryAudit.test.ts": 1776327014.1051147,
  "src\\test\\useSemanticSwap.test.ts": 1776419452.474167,
  "src\\test\\validateImportPayload.test.ts": 1775837500.708306,
  "src\\test\\WorkoutIgnition.test.tsx": 1776000479.0113068,
  "src\\utils\\backup.ts": 1775999826.0789902,
  "src\\validation\\importSchema.ts": 1775834423.1083028,
  "src\\validation\\tempSessionSchema.ts": 1776000479.0128124,
  "supabase\\functions\\plans-feedback\\index.ts": 1776412598.4804184,
  "supabase\\functions\\plans-query\\index.ts": 1776412598.4804184,
  "supabase\\functions\\plans-swap\\index.ts": 1776412598.4804184,
  "supabase\\functions\\_shared\\auth.ts": 1776412598.4748976,
  "supabase\\functions\\_shared\\composePlan.ts": 1776412598.4754822,
  "supabase\\functions\\_shared\\gemini.ts": 1776412598.4754822,
  "supabase\\functions\\_shared\\repSchemes.ts": 1776412598.4754822,
  "supabase\\functions\\_shared\\rerank.ts": 1776412598.4754822,
  "supabase\\functions\\_tests\\plans-feedback.test.ts": 1776412598.4778643,
  "supabase\\functions\\_tests\\plans-query.test.ts": 1776412598.4778643,
  "supabase\\functions\\_tests\\plans-swap.test.ts": 1776412598.4778643,
  "supabase\\functions\\_tests\\safety.test.ts": 1776412598.479211,
  "supabase\\seed\\generate_embeddings.ts": 1776412598.4847283,
  "supabase\\seed\\seed_exercises.ts": 1776412598.486156,
  "supabase\\seed\\seed_plan_templates.ts": 1776412598.486156,
  "CLAUDE.md": 1776327018.6308873,
  "GEMINI.md": 1776327018.63712,
  "init.md": 1776000478.944674,
  "README.md": 1775999825.9778986,
  "TODO.md": 1776421558.4038277,
  "docs\\auto_planner_logic.md": 1775999825.9788976,
  "docs\\dexie_schema_rules.md": 1775999825.9788976,
  "docs\\import_validation.md": 1775999825.9788976,
  "docs\\routine_config.md": 1775846476.0206902,
  "docs\\ui_guidelines.md": 1775999825.980897,
  "docs\\superpowers\\plans\\2026-04-11-electric-blue-oop-upgrade.md": 1775877626.4832375,
  "docs\\superpowers\\plans\\2026-04-11-foundation-onboarding.md": 1775999825.9799037,
  "docs\\superpowers\\plans\\2026-04-12-lab-vs-gantry-ux-pivot.md": 1776000478.926498,
  "docs\\superpowers\\plans\\2026-04-16-gemini-semantic-layer.md": 1776278937.5028899,
  "docs\\superpowers\\plans\\2026-04-17-hero-mode-heavy-bash.md": 1776414922.9567306,
  "docs\\superpowers\\plans\\2026-04-17-hero-mode.md": 1776399718.601111,
  "docs\\superpowers\\plans\\2026-04-17-nlp-backend.md": 1776408142.2383997,
  "docs\\superpowers\\plans\\2026-04-17-nlp-frontend.md": 1776408669.4332695,
  "docs\\superpowers\\specs\\2026-04-11-foundation-onboarding-design.md": 1775999825.980897,
  "docs\\superpowers\\specs\\2026-04-16-gemini-semantic-layer-design.md": 1776278357.4829357,
  "docs\\superpowers\\specs\\2026-04-17-hero-mode-design.md": 1776399356.6104808,
  "docs\\superpowers\\specs\\2026-04-17-natural-language-planning-design.md": 1776407652.3380516,
  "raw\\vision.md": 1776327018.7221222,
  "public\\favicon.svg": 1775823205.9790783,
  "public\\icons.svg": 1775823205.991662,
  "public\\assets\\hero.png": 1776000479.0013351,
  "public\\assets\\react.svg": 1776000479.0013351,
  "public\\assets\\vite.svg": 1776000479.0013351,
  "public\\assets\\exercises\\back-squat-correct.webm": 1776000478.9601994,
  "public\\assets\\exercises\\back-squat-mistake.webm": 1776000478.9712937,
  "public\\assets\\exercises\\deadlift-mistake.webm": 1776000479.000266
}