{
  "eslint.config.js": 1775882312.8510604,
  "vite.config.ts": 1775882312.9351366,
  "vitest.config.ts": 1775882312.946645,
  "src\\App.tsx": 1775918908.645142,
  "src\\main.tsx": 1775882559.8482378,
  "src\\vite-env.d.ts": 1775882559.8557467,
  "src\\components\\ActiveLogger.tsx": 1775936413.625967,
  "src\\components\\BaselineCalibration.tsx": 1775930167.8992994,
  "src\\components\\BottomNav.tsx": 1775887715.8075953,
  "src\\components\\CalibrateBaselinesCard.tsx": 1775887764.8275857,
  "src\\components\\CoreIgnition.tsx": 1775919527.6225855,
  "src\\components\\DataOwnershipCard.tsx": 1775882559.9128056,
  "src\\components\\DraftBlueprintReview.tsx": 1775936353.8628142,
  "src\\components\\ExerciseCard.tsx": 1775894509.5116794,
  "src\\components\\FeaturePulse.tsx": 1775887740.7502165,
  "src\\components\\FunctionalWhy.tsx": 1775927255.8693895,
  "src\\components\\IdentitySplash.tsx": 1775928659.297353,
  "src\\components\\OnboardingHero.tsx": 1775887709.9372625,
  "src\\components\\ThinkingTerminal.tsx": 1775930167.910352,
  "src\\components\\WorkoutIgnition.tsx": 1775932404.9369006,
  "src\\data\\functionalMapping.ts": 1775931714.7874258,
  "src\\db\\db.ts": 1775882559.9368322,
  "src\\db\\schema.ts": 1775917615.678847,
  "src\\db\\seedExercises.ts": 1775882559.9533417,
  "src\\pages\\HistoryPage.tsx": 1775882559.9638515,
  "src\\pages\\HomePage.tsx": 1775936095.4096959,
  "src\\planner\\autoPlanner.ts": 1775936181.5969698,
  "src\\services\\activityManager.ts": 1775884206.7772098,
  "src\\services\\exerciseService.ts": 1775935373.0867157,
  "src\\services\\personalBestsService.ts": 1775884229.0368989,
  "src\\services\\progressIndicator.ts": 1775882560.0028932,
  "src\\test\\ActiveLogger.test.tsx": 1775882560.0154016,
  "src\\test\\activityManager.test.ts": 1775882560.0229118,
  "src\\test\\autoPlanner.test.ts": 1775936210.1045654,
  "src\\test\\backup.test.ts": 1775882560.038927,
  "src\\test\\BaselineCalibration.test.tsx": 1775929404.3501935,
  "src\\test\\db.test.ts": 1775917634.4605181,
  "src\\test\\DraftBlueprintReview.test.tsx": 1775936237.723078,
  "src\\test\\exerciseService.test.ts": 1775935373.072178,
  "src\\test\\IdentitySplash.test.tsx": 1775928043.4251866,
  "src\\test\\importSchema.test.ts": 1775882560.054443,
  "src\\test\\Integration.test.tsx": 1775882560.0609622,
  "src\\test\\personalBestsService.test.ts": 1775884243.844256,
  "src\\test\\setup.ts": 1775882560.0689616,
  "src\\test\\tempSessionSchema.test.ts": 1775882560.077471,
  "src\\test\\ThinkingTerminal.test.tsx": 1775930167.8992994,
  "src\\test\\UI.test.tsx": 1775930167.8992994,
  "src\\test\\validateImportPayload.test.ts": 1775882560.09749,
  "src\\test\\WorkoutIgnition.test.tsx": 1775932404.9369006,
  "src\\utils\\backup.ts": 1775882560.1165154,
  "src\\validation\\importSchema.ts": 1775882560.1345363,
  "src\\validation\\tempSessionSchema.ts": 1775935373.0957155,
  "CLAUDE.md": 1775914196.5040946,
  "GEMINI.md": 1775914195.190828,
  "init.md": 1775882312.8710773,
  "README.md": 1775887623.873941,
  "docs\\auto_planner_logic.md": 1775882314.8092837,
  "docs\\dexie_schema_rules.md": 1775882314.8172822,
  "docs\\import_validation.md": 1775882314.8247912,
  "docs\\routine_config.md": 1775882314.8342988,
  "docs\\ui_guidelines.md": 1775887625.3464727,
  "docs\\superpowers\\plans\\2026-04-11-electric-blue-oop-upgrade.md": 1775882314.8593254,
  "docs\\superpowers\\plans\\2026-04-11-foundation-onboarding.md": 1775916647.272349,
  "docs\\superpowers\\specs\\2026-04-11-foundation-onboarding-design.md": 1775916249.0250053,
  "graphify-out\\GRAPH_REPORT.md": 1775937504.7263274,
  "raw\\vision.md": 1775928877.3802173,
  "public\\favicon.svg": 1775882559.807701,
  "public\\icons.svg": 1775882559.815707,
  "public\\assets\\hero.png": 1775882559.866256,
  "public\\assets\\react.svg": 1775882559.8747666,
  "public\\assets\\vite.svg": 1775882559.8832748,
  "public\\assets\\exercises\\back-squat-correct.webm": 1775920935.4667053,
  "public\\assets\\exercises\\back-squat-mistake.webm": 1775920935.3897045,
  "public\\assets\\exercises\\deadlift-mistake.webm": 1775920935.5812223
}