{
  "eslint.config.js": 1775823474.1228912,
  "vite.config.ts": 1775837958.4405086,
  "vitest.config.ts": 1776000479.0128124,
  "src\\App.tsx": 1775999826.0657275,
  "src\\main.tsx": 1775837958.4405086,
  "src\\vite-env.d.ts": 1775999826.0789902,
  "src\\components\\ActiveLogger.tsx": 1776000479.0028415,
  "src\\components\\BaselineCalibration.tsx": 1776000479.0041337,
  "src\\components\\BottomNav.tsx": 1775999826.066921,
  "src\\components\\CalibrateBaselinesCard.tsx": 1775999826.066921,
  "src\\components\\CoreIgnition.tsx": 1776000479.0041337,
  "src\\components\\DataOwnershipCard.tsx": 1775999826.0679333,
  "src\\components\\DraftBlueprintReview.tsx": 1776000479.0041337,
  "src\\components\\ExerciseCard.tsx": 1775999826.0679333,
  "src\\components\\FeaturePulse.tsx": 1775999826.0679333,
  "src\\components\\FunctionalWhy.tsx": 1776000479.0051563,
  "src\\components\\IdentitySplash.tsx": 1776000479.0051563,
  "src\\components\\OnboardingHero.tsx": 1775999826.0692387,
  "src\\components\\SessionBlueprint.tsx": 1776000479.0051563,
  "src\\components\\ThinkingTerminal.tsx": 1776000479.0061536,
  "src\\components\\WorkoutIgnition.tsx": 1776000479.0061536,
  "src\\data\\functionalMapping.ts": 1776000479.007154,
  "src\\db\\db.ts": 1775823904.4433448,
  "src\\db\\schema.ts": 1775999826.0705006,
  "src\\db\\seedExercises.ts": 1776000479.007154,
  "src\\pages\\HistoryPage.tsx": 1775840523.0150876,
  "src\\pages\\HomePage.tsx": 1776000479.008154,
  "src\\planner\\autoPlanner.ts": 1776000479.008154,
  "src\\services\\activityManager.ts": 1775999826.0716598,
  "src\\services\\exerciseService.ts": 1776000479.0091555,
  "src\\services\\personalBestsService.ts": 1775999826.0737362,
  "src\\services\\progressIndicator.ts": 1775879786.9954617,
  "src\\test\\ActiveLogger.test.tsx": 1776000479.0091555,
  "src\\test\\activityManager.test.ts": 1775879839.0539365,
  "src\\test\\autoPlanner.test.ts": 1776000479.0113068,
  "src\\test\\backup.test.ts": 1775999826.0779908,
  "src\\test\\BaselineCalibration.test.tsx": 1776000479.0091555,
  "src\\test\\db.test.ts": 1775999826.0779908,
  "src\\test\\DraftBlueprintReview.test.tsx": 1776000479.0101538,
  "src\\test\\exerciseService.test.ts": 1776000479.0113068,
  "src\\test\\IdentitySplash.test.tsx": 1776000479.0101538,
  "src\\test\\importSchema.test.ts": 1775834423.1083028,
  "src\\test\\Integration.test.tsx": 1775837500.7175703,
  "src\\test\\personalBestsService.test.ts": 1775999826.0779908,
  "src\\test\\setup.ts": 1775823378.3532417,
  "src\\test\\tempSessionSchema.test.ts": 1775999826.0789902,
  "src\\test\\ThinkingTerminal.test.tsx": 1776000479.0101538,
  "src\\test\\UI.test.tsx": 1776000479.0113068,
  "src\\test\\validateImportPayload.test.ts": 1775837500.708306,
  "src\\test\\WorkoutIgnition.test.tsx": 1776000479.0113068,
  "src\\utils\\backup.ts": 1775999826.0789902,
  "src\\validation\\importSchema.ts": 1775834423.1083028,
  "src\\validation\\tempSessionSchema.ts": 1776000479.0128124,
  "CLAUDE.md": 1776001021.0623186,
  "GEMINI.md": 1775999825.9778986,
  "init.md": 1776000478.944674,
  "README.md": 1775999825.9778986,
  "docs\\auto_planner_logic.md": 1775999825.9788976,
  "docs\\dexie_schema_rules.md": 1775999825.9788976,
  "docs\\import_validation.md": 1775999825.9788976,
  "docs\\routine_config.md": 1775846476.0206902,
  "docs\\ui_guidelines.md": 1775999825.980897,
  "docs\\superpowers\\plans\\2026-04-11-electric-blue-oop-upgrade.md": 1775877626.4832375,
  "docs\\superpowers\\plans\\2026-04-11-foundation-onboarding.md": 1775999825.9799037,
  "docs\\superpowers\\plans\\2026-04-12-lab-vs-gantry-ux-pivot.md": 1776000478.926498,
  "docs\\superpowers\\specs\\2026-04-11-foundation-onboarding-design.md": 1775999825.980897,
  "graphify-out\\GRAPH_REPORT.md": 1776002282.9567096,
  "raw\\vision.md": 1776000479.0028415,
  "public\\favicon.svg": 1775823205.9790783,
  "public\\icons.svg": 1775823205.991662,
  "public\\assets\\hero.png": 1776000479.0013351,
  "public\\assets\\react.svg": 1776000479.0013351,
  "public\\assets\\vite.svg": 1776000479.0013351,
  "public\\assets\\exercises\\back-squat-correct.webm": 1776000478.9601994,
  "public\\assets\\exercises\\back-squat-mistake.webm": 1776000478.9712937,
  "public\\assets\\exercises\\deadlift-mistake.webm": 1776000479.000266
}