{
  "eslint.config.js": 1775882312.8510604,
  "vite.config.ts": 1775882312.9351366,
  "vitest.config.ts": 1775882312.946645,
  "src\\App.tsx": 1775887775.4153185,
  "src\\main.tsx": 1775882559.8482378,
  "src\\vite-env.d.ts": 1775882559.8557467,
  "src\\components\\ActiveLogger.tsx": 1775897278.6803708,
  "src\\components\\BottomNav.tsx": 1775887715.8075953,
  "src\\components\\CalibrateBaselinesCard.tsx": 1775887764.8275857,
  "src\\components\\DataOwnershipCard.tsx": 1775882559.9128056,
  "src\\components\\DraftBlueprintReview.tsx": 1775896842.9556043,
  "src\\components\\ExerciseCard.tsx": 1775894509.5116794,
  "src\\components\\FeaturePulse.tsx": 1775887740.7502165,
  "src\\components\\FunctionalWhy.tsx": 1775897233.3704038,
  "src\\components\\IdentitySplash.tsx": 1775887491.5656123,
  "src\\components\\OnboardingHero.tsx": 1775887709.9372625,
  "src\\components\\ThinkingTerminal.tsx": 1775896368.3810778,
  "src\\data\\functionalMapping.ts": 1775897212.801299,
  "src\\db\\db.ts": 1775882559.9368322,
  "src\\db\\schema.ts": 1775887446.5901012,
  "src\\db\\seedExercises.ts": 1775882559.9533417,
  "src\\pages\\HistoryPage.tsx": 1775882559.9638515,
  "src\\pages\\HomePage.tsx": 1775896817.593067,
  "src\\planner\\autoPlanner.ts": 1775896780.7362487,
  "src\\services\\activityManager.ts": 1775884206.7772098,
  "src\\services\\exerciseService.ts": 1775896836.7697701,
  "src\\services\\personalBestsService.ts": 1775884229.0368989,
  "src\\services\\progressIndicator.ts": 1775882560.0028932,
  "src\\test\\ActiveLogger.test.tsx": 1775882560.0154016,
  "src\\test\\activityManager.test.ts": 1775882560.0229118,
  "src\\test\\autoPlanner.test.ts": 1775882560.0314243,
  "src\\test\\backup.test.ts": 1775882560.038927,
  "src\\test\\db.test.ts": 1775896439.935745,
  "src\\test\\importSchema.test.ts": 1775882560.054443,
  "src\\test\\Integration.test.tsx": 1775882560.0609622,
  "src\\test\\personalBestsService.test.ts": 1775884243.844256,
  "src\\test\\setup.ts": 1775882560.0689616,
  "src\\test\\tempSessionSchema.test.ts": 1775882560.077471,
  "src\\test\\UI.test.tsx": 1775893355.889271,
  "src\\test\\validateImportPayload.test.ts": 1775882560.09749,
  "src\\utils\\backup.ts": 1775882560.1165154,
  "src\\validation\\importSchema.ts": 1775882560.1345363,
  "src\\validation\\tempSessionSchema.ts": 1775882560.1460457,
  "CLAUDE.md": 1775914196.5040946,
  "GEMINI.md": 1775914195.190828,
  "init.md": 1775882312.8710773,
  "README.md": 1775887623.873941,
  "docs\\auto_planner_logic.md": 1775882314.8092837,
  "docs\\dexie_schema_rules.md": 1775882314.8172822,
  "docs\\import_validation.md": 1775882314.8247912,
  "docs\\routine_config.md": 1775882314.8342988,
  "docs\\ui_guidelines.md": 1775887625.3464727,
  "docs\\superpowers\\plans\\2026-04-11-electric-blue-oop-upgrade.md": 1775882314.8593254,
  "docs\\superpowers\\plans\\2026-04-11-foundation-onboarding.md": 1775916647.272349,
  "docs\\superpowers\\specs\\2026-04-11-foundation-onboarding-design.md": 1775916249.0250053,
  "graphify-out\\GRAPH_REPORT.md": 1775917416.0211656,
  "raw\\vision.md": 1775915008.2815597,
  "public\\favicon.svg": 1775882559.807701,
  "public\\icons.svg": 1775882559.815707,
  "src\\assets\\hero.png": 1775882559.866256,
  "src\\assets\\react.svg": 1775882559.8747666,
  "src\\assets\\vite.svg": 1775882559.8832748
}